seed,inputSNRDb,messageHz,scalarLabel,windowedLabel,guardedLabel,guardedDeltaSNRDb,guardedWhitenessRatio,guardedFinalA,guardAccepted,guardAttenuated,guardRejected,guardTrigger,equivalencePass
12345,-18,10,WhitenessOnly,WhitenessOnly,WhitenessOnly,-0.11864184030576652,0.34914386595841246,0.9752251657547063,357,122,521,122,false
12345,-18,25,WhitenessOnly,WhitenessOnly,WhitenessOnly,-0.14071852195796808,0.35005329482521463,0.99,388,94,518,94,false
12345,-18,50,WhitenessOnly,WhitenessOnly,WhitenessOnly,-0.08091558434319879,0.41566082327754944,0.99,450,43,507,43,false
12345,-12,10,WhitenessOnly,WhitenessOnly,AdaptiveWin,0.03939445032980693,0.39641771544015164,0.9869863526421002,443,42,515,42,false
12345,-12,25,WhitenessOnly,WhitenessOnly,WhitenessOnly,-0.008825124730842404,0.39270676540096416,0.9850436748628346,459,22,519,22,false
12345,-12,50,AdaptiveWin,NoMeaningfulWin,AdaptiveWin,0.05443802702980882,0.5981082260237057,0.99,487,9,504,9,false
12345,-6,10,WhitenessOnly,WhitenessOnly,WhitenessOnly,-0.03214900556983569,0.6384641831047814,0.989353756793169,482,3,515,3,false
12345,-6,25,WhitenessOnly,AdaptiveWin,WhitenessOnly,-0.07004690549335368,0.6304097982878973,0.9890964127725612,488,1,511,1,false
12345,-6,50,AdaptiveWin,NoMeaningfulWin,WhitenessOnly,-0.01602741452492573,0.8984406202599136,0.99,496,0,504,0,false
23456,-18,10,AdaptiveWin,WhitenessOnly,WhitenessOnly,-0.023908608348740756,0.40790374460202417,0.99,443,50,507,50,false
23456,-18,25,WhitenessOnly,WhitenessOnly,AdaptiveWin,0.025475381234787875,0.41495031951711714,0.99,453,34,513,34,false
23456,-18,50,AdaptiveWin,WhitenessOnly,AdaptiveWin,0.01948838381099094,0.4320197074583816,0.9703603291563102,490,4,506,4,false
23456,-12,10,WhitenessOnly,WhitenessOnly,WhitenessOnly,-0.01879776317404591,0.6461660914967584,0.99,479,12,509,12,false
23456,-12,25,WhitenessOnly,WhitenessOnly,WhitenessOnly,-0.04949308608681591,0.6279796407171278,0.99,484,8,508,8,false
23456,-12,50,WhitenessOnly,NoMeaningfulWin,WhitenessOnly,-0.06706740543882539,0.8049863134384538,0.99,500,0,500,0,false
23456,-6,10,WhitenessOnly,WhitenessOnly,WhitenessOnly,-0.001290283341242926,0.9706740888365731,0.49171519733656094,486,0,514,0,true
23456,-6,25,WhitenessOnly,WhitenessOnly,NoMeaningfulWin,-0.0011698179371206763,0.9912662496399512,0.6176773139714687,485,0,515,0,true
23456,-6,50,WhitenessOnly,NoMeaningfulWin,WhitenessOnly,-0.1092438325368823,0.9882662202024911,0.99,501,0,499,0,false
34567,-18,10,AdaptiveWin,WhitenessOnly,AdaptiveWin,0.06395723413700338,0.4423024896174447,0.99,403,102,495,102,false
34567,-18,25,AdaptiveWin,WhitenessOnly,WhitenessOnly,0.005728653878716017,0.44005392493073564,0.99,410,97,493,97,false
34567,-18,50,AdaptiveWin,WhitenessOnly,WhitenessOnly,0.004830094898608195,0.4535585421052649,0.99,475,34,491,34,false
34567,-12,10,AdaptiveWin,WhitenessOnly,AdaptiveWin,0.05698101657776178,0.4921993932853352,0.99,471,31,498,31,false
34567,-12,25,AdaptiveWin,WhitenessOnly,AdaptiveWin,0.047363400174736725,0.4892514589238094,0.99,476,28,496,28,false
34567,-12,50,AdaptiveWin,NoMeaningfulWin,AdaptiveWin,0.019497296796091135,0.6032323001713601,0.985145344524794,492,4,504,4,false
34567,-6,10,WhitenessOnly,WhitenessOnly,AdaptiveWin,0.015763263642723402,0.7156480686402156,0.99,484,6,510,6,false
34567,-6,25,AdaptiveWin,WhitenessOnly,WhitenessOnly,-0.019671026853614215,0.720888477319909,0.99,483,3,514,3,false
34567,-6,50,WhitenessOnly,NoMeaningfulWin,WhitenessOnly,-0.10971887057527407,0.9050108333210313,0.9892907682924009,496,0,504,0,false
