case,path,family,split,mitigation,depth,error,finalAbsError,rmsError,latencyCostPct,memoryCostMiB
id-conventional-random,conventional,bounded-random,identification,observe-only,0,0.018,0.15237775791920258,0.08738167332562014,0,0
id-conventional-random,conventional,bounded-random,identification,observe-only,1,0.026439999999999995,0.15237775791920258,0.08738167332562014,0,0
id-conventional-random,conventional,bounded-random,identification,observe-only,2,0.0415552,0.15237775791920258,0.08738167332562014,0,0
id-conventional-random,conventional,bounded-random,identification,observe-only,3,0.052879616000000004,0.15237775791920258,0.08738167332562014,0,0
id-conventional-random,conventional,bounded-random,identification,observe-only,4,0.07110998528000001,0.15237775791920258,0.08738167332562014,0,0
id-conventional-random,conventional,bounded-random,identification,observe-only,5,0.08579878410240001,0.15237775791920258,0.08738167332562014,0,0
id-conventional-random,conventional,bounded-random,identification,observe-only,6,0.10766268683059202,0.15237775791920258,0.08738167332562014,0,0
id-conventional-random,conventional,bounded-random,identification,observe-only,7,0.1262757017770394,0.15237775791920258,0.08738167332562014,0,0
id-conventional-random,conventional,bounded-random,identification,observe-only,8,0.15237775791920258,0.15237775791920258,0.08738167332562014,0,0
id-conventional-random,conventional,bounded-random,identification,FP32-checkpoint,0,0.018,0.01652322765596005,0.015377362822600889,7.5,16
id-conventional-random,conventional,bounded-random,identification,FP32-checkpoint,1,0.014992800000000002,0.01652322765596005,0.015377362822600889,7.5,16
id-conventional-random,conventional,bounded-random,identification,FP32-checkpoint,2,0.015499178880000002,0.01652322765596005,0.015377362822600889,7.5,16
id-conventional-random,conventional,bounded-random,identification,FP32-checkpoint,3,0.013738250178048,0.01652322765596005,0.015377362822600889,7.5,16
id-conventional-random,conventional,bounded-random,identification,FP32-checkpoint,4,0.015079132319220943,0.01652322765596005,0.015377362822600889,7.5,16
id-conventional-random,conventional,bounded-random,identification,FP32-checkpoint,5,0.013876987000950344,0.01652322765596005,0.015377362822600889,7.5,16
id-conventional-random,conventional,bounded-random,identification,FP32-checkpoint,6,0.015592030495836351,0.01652322765596005,0.015377362822600889,7.5,16
id-conventional-random,conventional,bounded-random,identification,FP32-checkpoint,7,0.01464042362001202,0.01652322765596005,0.015377362822600889,7.5,16
id-conventional-random,conventional,bounded-random,identification,FP32-checkpoint,8,0.01652322765596005,0.01652322765596005,0.015377362822600889,7.5,16
id-conventional-random,conventional,bounded-random,identification,selective-FP32-hidden,0,0.018,0.03276843751902759,0.02545362274831825,4,32
id-conventional-random,conventional,bounded-random,identification,selective-FP32-hidden,1,0.0184456,0.03276843751902759,0.02545362274831825,4,32
id-conventional-random,conventional,bounded-random,identification,selective-FP32-hidden,2,0.02228172352,0.03276843751902759,0.02545362274831825,4,32
id-conventional-random,conventional,bounded-random,identification,selective-FP32-hidden,3,0.022447553437184003,0.03276843751902759,0.02545362274831825,4,32
id-conventional-random,conventional,bounded-random,identification,selective-FP32-hidden,4,0.026060084706997458,0.03276843751902759,0.02545362274831825,4,32
id-conventional-random,conventional,bounded-random,identification,selective-FP32-hidden,5,0.02604721969783237,0.03276843751902759,0.02545362274831825,4,32
id-conventional-random,conventional,bounded-random,identification,selective-FP32-hidden,6,0.02951693798250763,0.03276843751902759,0.02545362274831825,4,32
id-conventional-random,conventional,bounded-random,identification,selective-FP32-hidden,7,0.0293899368356201,0.03276843751902759,0.02545362274831825,4,32
id-conventional-random,conventional,bounded-random,identification,selective-FP32-hidden,8,0.03276843751902759,0.03276843751902759,0.02545362274831825,4,32
id-conventional-random,conventional,bounded-random,identification,backend-route,0,0.018,0.020790125549568717,0.0175506778280459,13,8
id-conventional-random,conventional,bounded-random,identification,backend-route,1,0.014868800000000001,0.020790125549568717,0.0175506778280459,13,8
id-conventional-random,conventional,bounded-random,identification,backend-route,2,0.017190318080000003,0.020790125549568717,0.0175506778280459,13,8
id-conventional-random,conventional,bounded-random,identification,backend-route,3,0.015094082633728002,0.020790125549568717,0.0175506778280459,13,8
id-conventional-random,conventional,bounded-random,identification,backend-route,4,0.017996836807101648,0.020790125549568717,0.0175506778280459,13,8
id-conventional-random,conventional,bounded-random,identification,backend-route,5,0.01622702355086829,0.020790125549568717,0.0175506778280459,13,8
id-conventional-random,conventional,bounded-random,identification,backend-route,6,0.01931309642616763,0.020790125549568717,0.0175506778280459,13,8
id-conventional-random,conventional,bounded-random,identification,backend-route,7,0.017646234952935744,0.020790125549568717,0.0175506778280459,13,8
id-conventional-random,conventional,bounded-random,identification,backend-route,8,0.020790125549568717,0.020790125549568717,0.0175506778280459,13,8
id-conventional-cancel,conventional,alternating-cancellation,identification,observe-only,0,0.024,0.18300162127601782,0.09251098110781189,0,0
id-conventional-cancel,conventional,alternating-cancellation,identification,observe-only,1,0.0013199999999999983,0.18300162127601782,0.09251098110781189,0,0
id-conventional-cancel,conventional,alternating-cancellation,identification,observe-only,2,-0.0054424000000000035,0.18300162127601782,0.09251098110781189,0,0
id-conventional-cancel,conventional,alternating-cancellation,identification,observe-only,3,-0.033422032000000004,0.18300162127601782,0.09251098110781189,0,0
id-conventional-cancel,conventional,alternating-cancellation,identification,observe-only,4,-0.04643799776,0.18300162127601782,0.09251098110781189,0,0
id-conventional-cancel,conventional,alternating-cancellation,identification,observe-only,5,-0.0817968373568,0.18300162127601782,0.09251098110781189,0,0
id-conventional-cancel,conventional,alternating-cancellation,identification,observe-only,6,-0.103520268081024,0.18300162127601782,0.09251098110781189,0,0
id-conventional-cancel,conventional,alternating-cancellation,identification,observe-only,7,-0.14915391633560832,0.18300162127601782,0.09251098110781189,0,0
id-conventional-cancel,conventional,alternating-cancellation,identification,observe-only,8,-0.18300162127601782,0.18300162127601782,0.09251098110781189,0,0
id-conventional-cancel,conventional,alternating-cancellation,identification,FP32-checkpoint,0,0.024,0.02022268495826538,0.016450012876678445,7.5,16
id-conventional-cancel,conventional,alternating-cancellation,identification,FP32-checkpoint,1,0.006218399999999998,0.02022268495826538,0.016450012876678445,7.5,16
id-conventional-cancel,conventional,alternating-cancellation,identification,FP32-checkpoint,2,0.0016093814399999974,0.02022268495826538,0.016450012876678445,7.5,16
id-conventional-cancel,conventional,alternating-cancellation,identification,FP32-checkpoint,3,-0.010162576538496003,0.02022268495826538,0.016450012876678445,7.5,16
id-conventional-cancel,conventional,alternating-cancellation,identification,FP32-checkpoint,4,-0.010374940995563676,0.02022268495826538,0.016450012876678445,7.5,16
id-conventional-cancel,conventional,alternating-cancellation,identification,FP32-checkpoint,5,-0.018930306832354384,0.02022268495826538,0.016450012876678445,7.5,16
id-conventional-cancel,conventional,alternating-cancellation,identification,FP32-checkpoint,6,-0.016789412478550467,0.02022268495826538,0.016450012876678445,7.5,16
id-conventional-cancel,conventional,alternating-cancellation,identification,FP32-checkpoint,7,-0.02362313416930752,0.02022268495826538,0.016450012876678445,7.5,16
id-conventional-cancel,conventional,alternating-cancellation,identification,FP32-checkpoint,8,-0.02022268495826538,0.02022268495826538,0.016450012876678445,7.5,16
id-conventional-cancel,conventional,alternating-cancellation,identification,selective-FP32-hidden,0,0.024,0.04131606123523389,0.027007196759081406,4,32
id-conventional-cancel,conventional,alternating-cancellation,identification,selective-FP32-hidden,1,0.005296800000000002,0.04131606123523389,0.027007196759081406,4,32
id-conventional-cancel,conventional,alternating-cancellation,identification,selective-FP32-hidden,2,0.0005651657599999999,0.04131606123523389,0.027007196759081406,4,32
id-conventional-cancel,conventional,alternating-cancellation,identification,selective-FP32-hidden,3,-0.015166497258367998,0.04131606123523389,0.027007196759081406,4,32
id-conventional-cancel,conventional,alternating-cancellation,identification,selective-FP32-hidden,4,-0.017303385406006937,0.04131606123523389,0.027007196759081406,4,32
id-conventional-cancel,conventional,alternating-cancellation,identification,selective-FP32-hidden,5,-0.030769316136525258,0.04131606123523389,0.027007196759081406,4,32
id-conventional-cancel,conventional,alternating-cancellation,identification,selective-FP32-hidden,6,-0.030927766850413856,0.04131606123523389,0.027007196759081406,4,32
id-conventional-cancel,conventional,alternating-cancellation,identification,selective-FP32-hidden,7,-0.04266612601378138,0.04131606123523389,0.027007196759081406,4,32
id-conventional-cancel,conventional,alternating-cancellation,identification,selective-FP32-hidden,8,-0.04131606123523389,0.04131606123523389,0.027007196759081406,4,32
id-conventional-cancel,conventional,alternating-cancellation,identification,backend-route,0,0.024,0.02470423487496394,0.022572710996611636,13,8
id-conventional-cancel,conventional,alternating-cancellation,identification,backend-route,1,-0.0036336,0.02470423487496394,0.022572710996611636,13,8
id-conventional-cancel,conventional,alternating-cancellation,identification,backend-route,2,-0.006989576960000001,0.02470423487496394,0.022572710996611636,13,8
id-conventional-cancel,conventional,alternating-cancellation,identification,backend-route,3,-0.022648804422656002,0.02470423487496394,0.022572710996611636,13,8
id-conventional-cancel,conventional,alternating-cancellation,identification,backend-route,4,-0.018657306393741725,0.02470423487496394,0.022572710996611636,13,8
id-conventional-cancel,conventional,alternating-cancellation,identification,backend-route,5,-0.029808123203199925,0.02470423487496394,0.022572710996611636,13,8
id-conventional-cancel,conventional,alternating-cancellation,identification,backend-route,6,-0.023050264397483474,0.02470423487496394,0.022572710996611636,13,8
id-conventional-cancel,conventional,alternating-cancellation,identification,backend-route,7,-0.03250364223429586,0.02470423487496394,0.022572710996611636,13,8
id-conventional-cancel,conventional,alternating-cancellation,identification,backend-route,8,-0.02470423487496394,0.02470423487496394,0.022572710996611636,13,8
id-cooperative-outlier,cooperative,sparse-outlier,identification,observe-only,0,0.036,1.202590678633318,0.5875474493108169,0,0
id-cooperative-outlier,cooperative,sparse-outlier,identification,observe-only,1,0.07516,1.202590678633318,0.5875474493108169,0,0
id-cooperative-outlier,cooperative,sparse-outlier,identification,observe-only,2,0.1264596,1.202590678633318,0.5875474493108169,0,0
id-cooperative-outlier,cooperative,sparse-outlier,identification,observe-only,3,0.19366207600000002,1.202590678633318,0.5875474493108169,0,0
id-cooperative-outlier,cooperative,sparse-outlier,identification,observe-only,4,0.34869731956,1.202590678633318,0.5875474493108169,0,0
id-cooperative-outlier,cooperative,sparse-outlier,identification,observe-only,5,0.48479348862360006,1.202590678633318,0.5875474493108169,0,0
id-cooperative-outlier,cooperative,sparse-outlier,identification,observe-only,6,0.6630794700969161,1.202590678633318,0.5875474493108169,0,0
id-cooperative-outlier,cooperative,sparse-outlier,identification,observe-only,7,0.8966341058269602,1.202590678633318,0.5875474493108169,0,0
id-cooperative-outlier,cooperative,sparse-outlier,identification,observe-only,8,1.202590678633318,1.202590678633318,0.5875474493108169,0,0
id-cooperative-outlier,cooperative,sparse-outlier,identification,FP32-checkpoint,0,0.036,0.06982438613053028,0.06217833376005711,7.5,16
id-cooperative-outlier,cooperative,sparse-outlier,identification,FP32-checkpoint,1,0.0409992,0.06982438613053028,0.06217833376005711,7.5,16
id-cooperative-outlier,cooperative,sparse-outlier,identification,FP32-checkpoint,2,0.04505955024,0.06982438613053028,0.06217833376005711,7.5,16
id-cooperative-outlier,cooperative,sparse-outlier,identification,FP32-checkpoint,3,0.048357366704928004,0.06982438613053028,0.06217833376005711,7.5,16
id-cooperative-outlier,cooperative,sparse-outlier,identification,FP32-checkpoint,4,0.07917585323774252,0.06982438613053028,0.06217833376005711,7.5,16
id-cooperative-outlier,cooperative,sparse-outlier,identification,FP32-checkpoint,5,0.07606662799969449,0.06982438613053028,0.06217833376005711,7.5,16
id-cooperative-outlier,cooperative,sparse-outlier,identification,FP32-checkpoint,6,0.07354131526135187,0.06982438613053028,0.06217833376005711,7.5,16
id-cooperative-outlier,cooperative,sparse-outlier,identification,FP32-checkpoint,7,0.07149025625526999,0.06982438613053028,0.06217833376005711,7.5,16
id-cooperative-outlier,cooperative,sparse-outlier,identification,FP32-checkpoint,8,0.06982438613053028,0.06982438613053028,0.06217833376005711,7.5,16
id-cooperative-outlier,cooperative,sparse-outlier,identification,selective-FP32-hidden,0,0.036,0.17921822562644188,0.12390640641224876,4,32
id-cooperative-outlier,cooperative,sparse-outlier,identification,selective-FP32-hidden,1,0.051138399999999994,0.17921822562644188,0.12390640641224876,4,32
id-cooperative-outlier,cooperative,sparse-outlier,identification,selective-FP32-hidden,2,0.06581356496,0.17921822562644188,0.12390640641224876,4,32
id-cooperative-outlier,cooperative,sparse-outlier,identification,selective-FP32-hidden,3,0.08003966987222401,0.17921822562644188,0.12390640641224876,4,32
id-cooperative-outlier,cooperative,sparse-outlier,identification,selective-FP32-hidden,4,0.13269045597413395,0.17921822562644188,0.12390640641224876,4,32
id-cooperative-outlier,cooperative,sparse-outlier,identification,selective-FP32-hidden,5,0.14487012802132546,0.17921822562644188,0.12390640641224876,4,32
id-cooperative-outlier,cooperative,sparse-outlier,identification,selective-FP32-hidden,6,0.1566771021038729,0.17921822562644188,0.12390640641224876,4,32
id-cooperative-outlier,cooperative,sparse-outlier,identification,selective-FP32-hidden,7,0.16812278277949438,0.17921822562644188,0.12390640641224876,4,32
id-cooperative-outlier,cooperative,sparse-outlier,identification,selective-FP32-hidden,8,0.17921822562644188,0.17921822562644188,0.12390640641224876,4,32
id-cooperative-outlier,cooperative,sparse-outlier,identification,backend-route,0,0.036,0.06843428553055435,0.06835343080452744,13,8
id-cooperative-outlier,cooperative,sparse-outlier,identification,backend-route,1,0.043563199999999996,0.06843428553055435,0.06835343080452744,13,8
id-cooperative-outlier,cooperative,sparse-outlier,identification,backend-route,2,0.04871525184,0.06843428553055435,0.06835343080452744,13,8
id-cooperative-outlier,cooperative,sparse-outlier,identification,backend-route,3,0.052224829553408,0.06843428553055435,0.06835343080452744,13,8
id-cooperative-outlier,cooperative,sparse-outlier,identification,backend-route,4,0.10017555389178154,0.06843428553055435,0.06835343080452744,13,8
id-cooperative-outlier,cooperative,sparse-outlier,identification,backend-route,5,0.08727958731108158,0.06843428553055435,0.06835343080452744,13,8
id-cooperative-outlier,cooperative,sparse-outlier,identification,backend-route,6,0.07849485487630878,0.06843428553055435,0.06835343080452744,13,8
id-cooperative-outlier,cooperative,sparse-outlier,identification,backend-route,7,0.07251069514174155,0.06843428553055435,0.06835343080452744,13,8
id-cooperative-outlier,cooperative,sparse-outlier,identification,backend-route,8,0.06843428553055435,0.06843428553055435,0.06835343080452744,13,8
id-a2x4-near-zero,A2x4,near-zero,identification,observe-only,0,0.01,0.5463114596010229,0.24713358197616056,0,0
id-a2x4-near-zero,A2x4,near-zero,identification,observe-only,1,0.023399999999999997,0.5463114596010229,0.24713358197616056,0,0
id-a2x4-near-zero,A2x4,near-zero,identification,observe-only,2,0.043496,0.5463114596010229,0.24713358197616056,0,0
id-a2x4-near-zero,A2x4,near-zero,identification,observe-only,3,0.07083423999999999,0.5463114596010229,0.24713358197616056,0,0
id-a2x4-near-zero,A2x4,near-zero,identification,observe-only,4,0.11100130559999997,0.5463114596010229,0.24713358197616056,0,0
id-a2x4-near-zero,A2x4,near-zero,identification,observe-only,5,0.16964188006399997,0.5463114596010229,0.24713358197616056,0,0
id-a2x4-near-zero,A2x4,near-zero,identification,observe-only,6,0.2524843072921599,0.5463114596010229,0.24713358197616056,0,0
id-a2x4-near-zero,A2x4,near-zero,identification,observe-only,7,0.3725774025007103,0.5463114596010229,0.24713358197616056,0,0
id-a2x4-near-zero,A2x4,near-zero,identification,observe-only,8,0.5463114596010229,0.5463114596010229,0.24713358197616056,0,0
id-a2x4-near-zero,A2x4,near-zero,identification,FP32-checkpoint,0,0.01,0.025350701657265027,0.01922788116004653,7.5,16
id-a2x4-near-zero,A2x4,near-zero,identification,FP32-checkpoint,1,0.012708,0.025350701657265027,0.01922788116004653,7.5,16
id-a2x4-near-zero,A2x4,near-zero,identification,FP32-checkpoint,2,0.0154617024,0.025350701657265027,0.01922788116004653,7.5,16
id-a2x4-near-zero,A2x4,near-zero,identification,FP32-checkpoint,3,0.017248207902719997,0.025350701657265027,0.01922788116004653,7.5,16
id-a2x4-near-zero,A2x4,near-zero,identification,FP32-checkpoint,4,0.019179200015548414,0.025350701657265027,0.01922788116004653,7.5,16
id-a2x4-near-zero,A2x4,near-zero,identification,FP32-checkpoint,5,0.02123918977388162,0.025350701657265027,0.01922788116004653,7.5,16
id-a2x4-near-zero,A2x4,near-zero,identification,FP32-checkpoint,6,0.02240634863012151,0.025350701657265027,0.01922788116004653,7.5,16
id-a2x4-near-zero,A2x4,near-zero,identification,FP32-checkpoint,7,0.023784388056972482,0.025350701657265027,0.01922788116004653,7.5,16
id-a2x4-near-zero,A2x4,near-zero,identification,FP32-checkpoint,8,0.025350701657265027,0.025350701657265027,0.01922788116004653,7.5,16
id-a2x4-near-zero,A2x4,near-zero,identification,selective-FP32-hidden,0,0.01,0.0698798802027668,0.04229728591666038,4,32
id-a2x4-near-zero,A2x4,near-zero,identification,selective-FP32-hidden,1,0.015875999999999998,0.0698798802027668,0.04229728591666038,4,32
id-a2x4-near-zero,A2x4,near-zero,identification,selective-FP32-hidden,2,0.022601465599999995,0.0698798802027668,0.04229728591666038,4,32
id-a2x4-near-zero,A2x4,near-zero,identification,selective-FP32-hidden,3,0.02884012174335999,0.0698798802027668,0.04229728591666038,4,32
id-a2x4-near-zero,A2x4,near-zero,identification,selective-FP32-hidden,4,0.0359520337297244,0.0698798802027668,0.04229728591666038,4,32
id-a2x4-near-zero,A2x4,near-zero,identification,selective-FP32-hidden,5,0.04399448714239431,0.0698798802027668,0.04229728591666038,4,32
id-a2x4-near-zero,A2x4,near-zero,identification,selective-FP32-hidden,6,0.051636525498935375,0.0698798802027668,0.04229728591666038,4,32
id-a2x4-near-zero,A2x4,near-zero,identification,selective-FP32-hidden,7,0.060243881571665533,0.0698798802027668,0.04229728591666038,4,32
id-a2x4-near-zero,A2x4,near-zero,identification,selective-FP32-hidden,8,0.0698798802027668,0.0698798802027668,0.04229728591666038,4,32
id-a2x4-near-zero,A2x4,near-zero,identification,backend-route,0,0.01,0.023378641344402654,0.019041634214605325,13,8
id-a2x4-near-zero,A2x4,near-zero,identification,backend-route,1,0.013608,0.023378641344402654,0.019041634214605325,13,8
id-a2x4-near-zero,A2x4,near-zero,identification,backend-route,2,0.0168536704,0.023378641344402654,0.019041634214605325,13,8
id-a2x4-near-zero,A2x4,near-zero,identification,backend-route,3,0.01819602839552,0.023378641344402654,0.019041634214605325,13,8
id-a2x4-near-zero,A2x4,near-zero,identification,backend-route,4,0.019745186062565378,0.023378641344402654,0.019041634214605325,13,8
id-a2x4-near-zero,A2x4,near-zero,identification,backend-route,5,0.021449195323648956,0.023378641344402654,0.019041634214605325,13,8
id-a2x4-near-zero,A2x4,near-zero,identification,backend-route,6,0.02163715745834834,0.023378641344402654,0.019041634214605325,13,8
id-a2x4-near-zero,A2x4,near-zero,identification,backend-route,7,0.02232190350481124,0.023378641344402654,0.019041634214605325,13,8
id-a2x4-near-zero,A2x4,near-zero,identification,backend-route,8,0.023378641344402654,0.023378641344402654,0.019041634214605325,13,8
id-a2x4-cancel,A2x4,alternating-cancellation,identification,observe-only,0,-0.021,0.18464821449791136,0.07963606410910037,0,0
id-a2x4-cancel,A2x4,alternating-cancellation,identification,observe-only,1,-0.022770000000000002,0.18464821449791136,0.07963606410910037,0,0
id-a2x4-cancel,A2x4,alternating-cancellation,identification,observe-only,2,-0.005194900000000004,0.18464821449791136,0.07963606410910037,0,0
id-a2x4-cancel,A2x4,alternating-cancellation,identification,observe-only,3,-0.0011170130000000035,0.18464821449791136,0.07963606410910037,0,0
id-a2x4-cancel,A2x4,alternating-cancellation,identification,observe-only,4,0.024469692189999996,0.18464821449791136,0.07963606410910037,0,0
id-a2x4-cancel,A2x4,alternating-cancellation,identification,observe-only,5,0.039523478300299994,0.18464821449791136,0.07963606410910037,0,0
id-a2x4-cancel,A2x4,alternating-cancellation,identification,observe-only,6,0.08014716527141098,0.18464821449791136,0.07963606410910037,0,0
id-a2x4-cancel,A2x4,alternating-cancellation,identification,observe-only,7,0.11580161642183308,0.18464821449791136,0.07963606410910037,0,0
id-a2x4-cancel,A2x4,alternating-cancellation,identification,observe-only,8,0.18464821449791136,0.18464821449791136,0.07963606410910037,0,0
id-a2x4-cancel,A2x4,alternating-cancellation,identification,FP32-checkpoint,0,-0.021,0.02849666536495305,0.017204979516795647,7.5,16
id-a2x4-cancel,A2x4,alternating-cancellation,identification,FP32-checkpoint,1,-0.015317400000000002,0.02849666536495305,0.017204979516795647,7.5,16
id-a2x4-cancel,A2x4,alternating-cancellation,identification,FP32-checkpoint,2,-0.0020905995600000024,0.02849666536495305,0.017204979516795647,7.5,16
id-a2x4-cancel,A2x4,alternating-cancellation,identification,FP32-checkpoint,3,0.000744244733735998,0.02849666536495305,0.017204979516795647,7.5,16
id-a2x4-cancel,A2x4,alternating-cancellation,identification,FP32-checkpoint,4,0.011552161476835358,0.02849666536495305,0.017204979516795647,7.5,16
id-a2x4-cancel,A2x4,alternating-cancellation,identification,FP32-checkpoint,5,0.012332405958423956,0.02849666536495305,0.017204979516795647,7.5,16
id-a2x4-cancel,A2x4,alternating-cancellation,identification,FP32-checkpoint,6,0.021395145621085306,0.02849666536495305,0.017204979516795647,7.5,16
id-a2x4-cancel,A2x4,alternating-cancellation,identification,FP32-checkpoint,7,0.020693036690549862,0.02849666536495305,0.017204979516795647,7.5,16
id-a2x4-cancel,A2x4,alternating-cancellation,identification,FP32-checkpoint,8,0.02849666536495305,0.02849666536495305,0.017204979516795647,7.5,16
id-a2x4-cancel,A2x4,alternating-cancellation,identification,selective-FP32-hidden,0,-0.021,0.05415920773328242,0.02787864630856901,4,32
id-a2x4-cancel,A2x4,alternating-cancellation,identification,selective-FP32-hidden,1,-0.0178098,0.05415920773328242,0.02787864630856901,4,32
id-a2x4-cancel,A2x4,alternating-cancellation,identification,selective-FP32-hidden,2,-0.00297557524,0.05415920773328242,0.02787864630856901,4,32
id-a2x4-cancel,A2x4,alternating-cancellation,identification,selective-FP32-hidden,3,0.00046336182168800043,0.05415920773328242,0.02787864630856901,4,32
id-a2x4-cancel,A2x4,alternating-cancellation,identification,selective-FP32-hidden,4,0.015549756214827294,0.05415920773328242,0.02787864630856901,4,32
id-a2x4-cancel,A2x4,alternating-cancellation,identification,selective-FP32-hidden,5,0.01924434285059191,0.05415920773328242,0.02787864630856901,4,32
id-a2x4-cancel,A2x4,alternating-cancellation,identification,selective-FP32-hidden,6,0.034589914781930076,0.05415920773328242,0.02787864630856901,4,32
id-a2x4-cancel,A2x4,alternating-cancellation,identification,selective-FP32-hidden,7,0.03854725560592072,0.05415920773328242,0.02787864630856901,4,32
id-a2x4-cancel,A2x4,alternating-cancellation,identification,selective-FP32-hidden,8,0.05415920773328242,0.05415920773328242,0.02787864630856901,4,32
id-a2x4-cancel,A2x4,alternating-cancellation,identification,backend-route,0,-0.021,0.037634961065474176,0.024192129072626564,13,8
id-a2x4-cancel,A2x4,alternating-cancellation,identification,backend-route,1,-0.010880400000000002,0.037634961065474176,0.024192129072626564,13,8
id-a2x4-cancel,A2x4,alternating-cancellation,identification,backend-route,2,0.00992880304,0.037634961065474176,0.024192129072626564,13,8
id-a2x4-cancel,A2x4,alternating-cancellation,identification,backend-route,3,0.011153279285696,0.037634961065474176,0.024192129072626564,13,8
id-a2x4-cancel,A2x4,alternating-cancellation,identification,backend-route,4,0.02562559616312983,0.037634961065474176,0.024192129072626564,13,8
id-a2x4-cancel,A2x4,alternating-cancellation,identification,backend-route,5,0.02233567470661369,0.037634961065474176,0.024192129072626564,13,8
id-a2x4-cancel,A2x4,alternating-cancellation,identification,backend-route,6,0.03359193466099159,0.037634961065474176,0.024192129072626564,13,8
id-a2x4-cancel,A2x4,alternating-cancellation,identification,backend-route,7,0.028010894252490412,0.037634961065474176,0.024192129072626564,13,8
id-a2x4-cancel,A2x4,alternating-cancellation,identification,backend-route,8,0.037634961065474176,0.037634961065474176,0.024192129072626564,13,8
id-cooperative-random,cooperative,bounded-random,identification,observe-only,0,0.02,0.34196996921654066,0.17596447894944128,0,0
id-cooperative-random,cooperative,bounded-random,identification,observe-only,1,0.03440000000000001,0.34196996921654066,0.17596447894944128,0,0
id-cooperative-random,cooperative,bounded-random,identification,observe-only,2,0.057968000000000006,0.34196996921654066,0.17596447894944128,0,0
id-cooperative-random,cooperative,bounded-random,identification,observe-only,3,0.08172096,0.34196996921654066,0.17596447894944128,0,0
id-cooperative-random,cooperative,bounded-random,identification,observe-only,4,0.11669957119999999,0.34196996921654066,0.17596447894944128,0,0
id-cooperative-random,cooperative,bounded-random,identification,observe-only,5,0.154373476864,0.34196996921654066,0.17596447894944128,0,0
id-cooperative-random,cooperative,bounded-random,identification,observe-only,6,0.20633564177407998,0.34196996921654066,0.17596447894944128,0,0
id-cooperative-random,cooperative,bounded-random,identification,observe-only,7,0.2647294829643776,0.34196996921654066,0.17596447894944128,0,0
id-cooperative-random,cooperative,bounded-random,identification,observe-only,8,0.34196996921654066,0.34196996921654066,0.17596447894944128,0,0
id-cooperative-random,cooperative,bounded-random,identification,FP32-checkpoint,0,0.02,0.02609431502183983,0.022439590199646614,7.5,16
id-cooperative-random,cooperative,bounded-random,identification,FP32-checkpoint,1,0.019327999999999998,0.02609431502183983,0.022439590199646614,7.5,16
id-cooperative-random,cooperative,bounded-random,identification,FP32-checkpoint,2,0.021339699199999996,0.02609431502183983,0.022439590199646614,7.5,16
id-cooperative-random,cooperative,bounded-random,identification,FP32-checkpoint,3,0.020761348474879995,0.02609431502183983,0.022439590199646614,7.5,16
id-cooperative-random,cooperative,bounded-random,identification,FP32-checkpoint,4,0.02284388398639923,0.02609431502183983,0.022439590199646614,7.5,16
id-cooperative-random,cooperative,bounded-random,identification,FP32-checkpoint,5,0.022319113847312375,0.02609431502183983,0.022439590199646614,7.5,16
id-cooperative-random,cooperative,bounded-random,identification,FP32-checkpoint,6,0.02444217771410708,0.02609431502183983,0.022439590199646614,7.5,16
id-cooperative-random,cooperative,bounded-random,identification,FP32-checkpoint,7,0.023948063222950594,0.02609431502183983,0.022439590199646614,7.5,16
id-cooperative-random,cooperative,bounded-random,identification,FP32-checkpoint,8,0.02609431502183983,0.02609431502183983,0.022439590199646614,7.5,16
id-cooperative-random,cooperative,bounded-random,identification,selective-FP32-hidden,0,0.02,0.05851950028369562,0.04129359044773231,4,32
id-cooperative-random,cooperative,bounded-random,identification,selective-FP32-hidden,1,0.023856,0.05851950028369562,0.04129359044773231,4,32
id-cooperative-random,cooperative,bounded-random,identification,selective-FP32-hidden,2,0.0308171968,0.05851950028369562,0.04129359044773231,4,32
id-cooperative-random,cooperative,bounded-random,identification,selective-FP32-hidden,3,0.03420176527103999,0.05851950028369562,0.04129359044773231,4,32
id-cooperative-random,cooperative,bounded-random,identification,selective-FP32-hidden,4,0.040737353686694906,0.05851950028369562,0.04129359044773231,4,32
id-cooperative-random,cooperative,bounded-random,identification,selective-FP32-hidden,5,0.04373768290834816,0.05851950028369562,0.04129359044773231,4,32
id-cooperative-random,cooperative,bounded-random,identification,selective-FP32-hidden,6,0.049926380129656715,0.05851950028369562,0.04129359044773231,4,32
id-cooperative-random,cooperative,bounded-random,identification,selective-FP32-hidden,7,0.052613535981054074,0.05851950028369562,0.04129359044773231,4,32
id-cooperative-random,cooperative,bounded-random,identification,selective-FP32-hidden,8,0.05851950028369562,0.05851950028369562,0.04129359044773231,4,32
id-cooperative-random,cooperative,bounded-random,identification,backend-route,0,0.02,0.02969397937948055,0.02454075280382256,13,8
id-cooperative-random,cooperative,bounded-random,identification,backend-route,1,0.019488,0.02969397937948055,0.02454075280382256,13,8
id-cooperative-random,cooperative,bounded-random,identification,backend-route,2,0.0232431872,0.02969397937948055,0.02454075280382256,13,8
id-cooperative-random,cooperative,bounded-random,identification,backend-route,3,0.022225477959680003,0.02969397937948055,0.02454075280382256,13,8
id-cooperative-random,cooperative,bounded-random,identification,backend-route,4,0.025659843217620992,0.02969397937948055,0.02454075280382256,13,8
id-cooperative-random,cooperative,bounded-random,identification,backend-route,5,0.024438604537258758,0.02969397937948055,0.02454075280382256,13,8
id-cooperative-random,cooperative,bounded-random,identification,backend-route,6,0.027743850718436956,0.02969397937948055,0.02454075280382256,13,8
id-cooperative-random,cooperative,bounded-random,identification,backend-route,7,0.026440698895776403,0.02969397937948055,0.02454075280382256,13,8
id-cooperative-random,cooperative,bounded-random,identification,backend-route,8,0.02969397937948055,0.02969397937948055,0.02454075280382256,13,8
hold-conventional-outlier,conventional,sparse-outlier,held-out,observe-only,0,-0.031,0.3423163954188689,0.18141055717668642,0,0
hold-conventional-outlier,conventional,sparse-outlier,held-out,observe-only,1,-0.011339999999999998,0.3423163954188689,0.18141055717668642,0,0
hold-conventional-outlier,conventional,sparse-outlier,held-out,observe-only,2,0.011072400000000003,0.3423163954188689,0.18141055717668642,0,0
hold-conventional-outlier,conventional,sparse-outlier,held-out,observe-only,3,0.036622536,0.3423163954188689,0.18141055717668642,0,0
hold-conventional-outlier,conventional,sparse-outlier,held-out,observe-only,4,0.13274969104,0.3423163954188689,0.18141055717668642,0,0
hold-conventional-outlier,conventional,sparse-outlier,held-out,observe-only,5,0.17533464778559998,0.3423163954188689,0.18141055717668642,0,0
hold-conventional-outlier,conventional,sparse-outlier,held-out,observe-only,6,0.22388149847558395,0.3423163954188689,0.18141055717668642,0,0
hold-conventional-outlier,conventional,sparse-outlier,held-out,observe-only,7,0.27922490826216567,0.3423163954188689,0.18141055717668642,0,0
hold-conventional-outlier,conventional,sparse-outlier,held-out,observe-only,8,0.3423163954188689,0.3423163954188689,0.18141055717668642,0,0
hold-conventional-outlier,conventional,sparse-outlier,held-out,FP32-checkpoint,0,-0.031,0.03733001964708734,0.032821835789245635,7.5,16
hold-conventional-outlier,conventional,sparse-outlier,held-out,FP32-checkpoint,1,-0.011830799999999999,0.03733001964708734,0.032821835789245635,7.5,16
hold-conventional-outlier,conventional,sparse-outlier,held-out,FP32-checkpoint,2,0.0017179905600000008,0.03733001964708734,0.032821835789245635,7.5,16
hold-conventional-outlier,conventional,sparse-outlier,held-out,FP32-checkpoint,3,0.011294275727807999,0.03733001964708734,0.032821835789245635,7.5,16
hold-conventional-outlier,conventional,sparse-outlier,held-out,FP32-checkpoint,4,0.04620279408441469,0.03733001964708734,0.032821835789245635,7.5,16
hold-conventional-outlier,conventional,sparse-outlier,held-out,FP32-checkpoint,5,0.0427361348588643,0.03733001964708734,0.032821835789245635,7.5,16
hold-conventional-outlier,conventional,sparse-outlier,held-out,FP32-checkpoint,6,0.04028590011824528,0.03733001964708734,0.032821835789245635,7.5,16
hold-conventional-outlier,conventional,sparse-outlier,held-out,FP32-checkpoint,7,0.03855407420357576,0.03733001964708734,0.032821835789245635,7.5,16
hold-conventional-outlier,conventional,sparse-outlier,held-out,FP32-checkpoint,8,0.03733001964708734,0.03733001964708734,0.032821835789245635,7.5,16
hold-conventional-outlier,conventional,sparse-outlier,held-out,selective-FP32-hidden,0,-0.031,0.07790262001873718,0.055870328254680905,4,32
hold-conventional-outlier,conventional,sparse-outlier,held-out,selective-FP32-hidden,1,-0.012231599999999999,0.07790262001873718,0.055870328254680905,4,32
hold-conventional-outlier,conventional,sparse-outlier,held-out,selective-FP32-hidden,2,0.0036014222400000003,0.07790262001873718,0.055870328254680905,4,32
hold-conventional-outlier,conventional,sparse-outlier,held-out,selective-FP32-hidden,3,0.016958159801663996,0.07790262001873718,0.055870328254680905,4,32
hold-conventional-outlier,conventional,sparse-outlier,held-out,selective-FP32-hidden,4,0.06708590360868374,0.07790262001873718,0.055870328254680905,4,32
hold-conventional-outlier,conventional,sparse-outlier,held-out,selective-FP32-hidden,5,0.07051366828428561,0.07790262001873718,0.055870328254680905,4,32
hold-conventional-outlier,conventional,sparse-outlier,held-out,selective-FP32-hidden,6,0.07340533056462334,0.07790262001873718,0.055870328254680905,4,32
hold-conventional-outlier,conventional,sparse-outlier,held-out,selective-FP32-hidden,7,0.07584473686431625,0.07790262001873718,0.055870328254680905,4,32
hold-conventional-outlier,conventional,sparse-outlier,held-out,selective-FP32-hidden,8,0.07790262001873718,0.07790262001873718,0.055870328254680905,4,32
hold-conventional-outlier,conventional,sparse-outlier,held-out,backend-route,0,-0.031,0.044620864941164885,0.04552016832046882,13,8
hold-conventional-outlier,conventional,sparse-outlier,held-out,backend-route,1,-0.0020567999999999975,0.044620864941164885,0.04552016832046882,13,8
hold-conventional-outlier,conventional,sparse-outlier,held-out,backend-route,2,0.015100728960000004,0.044620864941164885,0.04552016832046882,13,8
hold-conventional-outlier,conventional,sparse-outlier,held-out,backend-route,3,0.025271712127488,0.044620864941164885,0.04552016832046882,13,8
hold-conventional-outlier,conventional,sparse-outlier,held-out,backend-route,4,0.0768610709491749,0.044620864941164885,0.04552016832046882,13,8
hold-conventional-outlier,conventional,sparse-outlier,held-out,backend-route,5,0.061883242858670875,0.044620864941164885,0.04552016832046882,13,8
hold-conventional-outlier,conventional,sparse-outlier,held-out,backend-route,6,0.053004386366620096,0.044620864941164885,0.04552016832046882,13,8
hold-conventional-outlier,conventional,sparse-outlier,held-out,backend-route,7,0.047741000238132394,0.044620864941164885,0.04552016832046882,13,8
hold-conventional-outlier,conventional,sparse-outlier,held-out,backend-route,8,0.044620864941164885,0.044620864941164885,0.04552016832046882,13,8
hold-conventional-near-zero,conventional,near-zero,held-out,observe-only,0,0.008,0.09910133062620777,0.052339973415591164,0,0
hold-conventional-near-zero,conventional,near-zero,held-out,observe-only,1,-0.0011199999999999995,0.09910133062620777,0.052339973415591164,0,0
hold-conventional-near-zero,conventional,near-zero,held-out,observe-only,2,-0.0104432,0.09910133062620777,0.052339973415591164,0,0
hold-conventional-near-zero,conventional,near-zero,held-out,observe-only,3,-0.022391952,0.09910133062620777,0.052339973415591164,0,0
hold-conventional-near-zero,conventional,near-zero,held-out,observe-only,4,-0.03485506672,0.09910133062620777,0.052339973415591164,0,0
hold-conventional-near-zero,conventional,near-zero,held-out,observe-only,5,-0.047889124059200004,0.09910133062620777,0.052339973415591164,0,0
hold-conventional-near-zero,conventional,near-zero,held-out,observe-only,6,-0.063956927705712,0.09910133062620777,0.052339973415591164,0,0
hold-conventional-near-zero,conventional,near-zero,held-out,observe-only,7,-0.08099218975334033,0.09910133062620777,0.052339973415591164,0,0
hold-conventional-near-zero,conventional,near-zero,held-out,observe-only,8,-0.09910133062620777,0.09910133062620777,0.052339973415591164,0,0
hold-conventional-near-zero,conventional,near-zero,held-out,FP32-checkpoint,0,0.008,0.012119643555532435,0.00888456605325214,7.5,16
hold-conventional-near-zero,conventional,near-zero,held-out,FP32-checkpoint,1,0.0013056000000000005,0.012119643555532435,0.00888456605325214,7.5,16
hold-conventional-near-zero,conventional,near-zero,held-out,FP32-checkpoint,2,-0.0029654860799999995,0.012119643555532435,0.00888456605325214,7.5,16
hold-conventional-near-zero,conventional,near-zero,held-out,FP32-checkpoint,3,-0.006576847520256,0.012119643555532435,0.00888456605325214,7.5,16
hold-conventional-near-zero,conventional,near-zero,held-out,FP32-checkpoint,4,-0.008726186463440179,0.012119643555532435,0.00888456605325214,7.5,16
hold-conventional-near-zero,conventional,near-zero,held-out,FP32-checkpoint,5,-0.00986936152413953,0.012119643555532435,0.00888456605325214,7.5,16
hold-conventional-near-zero,conventional,near-zero,held-out,FP32-checkpoint,6,-0.011328094600912823,0.012119643555532435,0.00888456605325214,7.5,16
hold-conventional-near-zero,conventional,near-zero,held-out,FP32-checkpoint,7,-0.011995994704348204,0.012119643555532435,0.00888456605325214,7.5,16
hold-conventional-near-zero,conventional,near-zero,held-out,FP32-checkpoint,8,-0.012119643555532435,0.012119643555532435,0.00888456605325214,7.5,16
hold-conventional-near-zero,conventional,near-zero,held-out,selective-FP32-hidden,0,0.008,0.02371039985315263,0.015437317956710647,4,32
hold-conventional-near-zero,conventional,near-zero,held-out,selective-FP32-hidden,1,0.0007712000000000005,0.02371039985315263,0.015437317956710647,4,32
hold-conventional-near-zero,conventional,near-zero,held-out,selective-FP32-hidden,2,-0.004702536319999999,0.02371039985315263,0.015437317956710647,4,32
hold-conventional-near-zero,conventional,near-zero,held-out,selective-FP32-hidden,3,-0.010126663333248,0.02371039985315263,0.015437317956710647,4,32
hold-conventional-near-zero,conventional,near-zero,held-out,selective-FP32-hidden,4,-0.014118041261929906,0.02371039985315263,0.015437317956710647,4,32
hold-conventional-near-zero,conventional,near-zero,held-out,selective-FP32-hidden,5,-0.016932559092549225,0.02371039985315263,0.015437317956710647,4,32
hold-conventional-near-zero,conventional,near-zero,held-out,selective-FP32-hidden,6,-0.02017240403861993,0.02371039985315263,0.015437317956710647,4,32
hold-conventional-near-zero,conventional,near-zero,held-out,selective-FP32-hidden,7,-0.02236961267732241,0.02371039985315263,0.015437317956710647,4,32
hold-conventional-near-zero,conventional,near-zero,held-out,selective-FP32-hidden,8,-0.02371039985315263,0.02371039985315263,0.015437317956710647,4,32
hold-conventional-near-zero,conventional,near-zero,held-out,backend-route,0,0.008,0.015333912236379876,0.012314780972108115,13,8
hold-conventional-near-zero,conventional,near-zero,held-out,backend-route,1,-0.0021824,0.015333912236379876,0.012314780972108115,13,8
hold-conventional-near-zero,conventional,near-zero,held-out,backend-route,2,-0.007515681280000001,0.015333912236379876,0.012314780972108115,13,8
hold-conventional-near-zero,conventional,near-zero,held-out,backend-route,3,-0.011682051234816,0.015333912236379876,0.012314780972108115,13,8
hold-conventional-near-zero,conventional,near-zero,held-out,backend-route,4,-0.013542879972735795,0.015333912236379876,0.012314780972108115,13,8
hold-conventional-near-zero,conventional,near-zero,held-out,backend-route,5,-0.014072950320263103,0.015333912236379876,0.012314780972108115,13,8
hold-conventional-near-zero,conventional,near-zero,held-out,backend-route,6,-0.015466906924855865,0.015333912236379876,0.012314780972108115,13,8
hold-conventional-near-zero,conventional,near-zero,held-out,backend-route,7,-0.015727498677026806,0.015333912236379876,0.012314780972108115,13,8
hold-conventional-near-zero,conventional,near-zero,held-out,backend-route,8,-0.015333912236379876,0.015333912236379876,0.012314780972108115,13,8
hold-cooperative-cancel,cooperative,alternating-cancellation,held-out,observe-only,0,0.028,0.32029499008682244,0.1510475836916943,0,0
hold-cooperative-cancel,cooperative,alternating-cancellation,held-out,observe-only,1,0.004119999999999999,0.32029499008682244,0.1510475836916943,0,0
hold-cooperative-cancel,cooperative,alternating-cancellation,held-out,observe-only,2,-0.006685200000000004,0.32029499008682244,0.1510475836916943,0,0
hold-cooperative-cancel,cooperative,alternating-cancellation,held-out,observe-only,3,-0.040623908,0.32029499008682244,0.1510475836916943,0,0
hold-cooperative-cancel,cooperative,alternating-cancellation,held-out,observe-only,4,-0.06440484132,0.32029499008682244,0.1510475836916943,0,0
hold-cooperative-cancel,cooperative,alternating-cancellation,held-out,observe-only,5,-0.11508224530280001,0.32029499008682244,0.1510475836916943,0,0
hold-cooperative-cancel,cooperative,alternating-cancellation,held-out,observe-only,6,-0.16045609644061198,0.32029499008682244,0.1510475836916943,0,0
hold-cooperative-cancel,cooperative,alternating-cancellation,held-out,observe-only,7,-0.23898836440838947,0.32029499008682244,0.1510475836916943,0,0
hold-cooperative-cancel,cooperative,alternating-cancellation,held-out,observe-only,8,-0.32029499008682244,0.32029499008682244,0.1510475836916943,0,0
hold-cooperative-cancel,cooperative,alternating-cancellation,held-out,FP32-checkpoint,0,0.028,0.031794892267713426,0.022595521476428092,7.5,16
hold-cooperative-cancel,cooperative,alternating-cancellation,held-out,FP32-checkpoint,1,0.008954400000000001,0.031794892267713426,0.022595521476428092,7.5,16
hold-cooperative-cancel,cooperative,alternating-cancellation,held-out,FP32-checkpoint,2,0.0021217291200000014,0.031794892267713426,0.022595521476428092,7.5,16
hold-cooperative-cancel,cooperative,alternating-cancellation,held-out,FP32-checkpoint,3,-0.011743041049823998,0.031794892267713426,0.022595521476428092,7.5,16
hold-cooperative-cancel,cooperative,alternating-cancellation,held-out,FP32-checkpoint,4,-0.014432084231649236,0.031794892267713426,0.022595521476428092,7.5,16
hold-cooperative-cancel,cooperative,alternating-cancellation,held-out,FP32-checkpoint,5,-0.024982780968473058,0.031794892267713426,0.022595521476428092,7.5,16
hold-cooperative-cancel,cooperative,alternating-cancellation,held-out,FP32-checkpoint,6,-0.025021228218584754,0.031794892267713426,0.022595521476428092,7.5,16
hold-cooperative-cancel,cooperative,alternating-cancellation,held-out,FP32-checkpoint,7,-0.033451978329224086,0.031794892267713426,0.022595521476428092,7.5,16
hold-cooperative-cancel,cooperative,alternating-cancellation,held-out,FP32-checkpoint,8,-0.031794892267713426,0.031794892267713426,0.022595521476428092,7.5,16
hold-cooperative-cancel,cooperative,alternating-cancellation,held-out,selective-FP32-hidden,0,0.028,0.06702285324271826,0.03952775046144123,4,32
hold-cooperative-cancel,cooperative,alternating-cancellation,held-out,selective-FP32-hidden,1,0.0081688,0.06702285324271826,0.03952775046144123,4,32
hold-cooperative-cancel,cooperative,alternating-cancellation,held-out,selective-FP32-hidden,2,0.0008379364799999999,0.06702285324271826,0.03952775046144123,4,32
hold-cooperative-cancel,cooperative,alternating-cancellation,held-out,selective-FP32-hidden,3,-0.017760105836192,0.06702285324271826,0.03952775046144123,4,32
hold-cooperative-cancel,cooperative,alternating-cancellation,held-out,selective-FP32-hidden,4,-0.023913797031228885,0.06702285324271826,0.03952775046144123,4,32
hold-cooperative-cancel,cooperative,alternating-cancellation,held-out,selective-FP32-hidden,5,-0.04138811064601109,0.06702285324271826,0.03952775046144123,4,32
hold-cooperative-cancel,cooperative,alternating-cancellation,held-out,selective-FP32-hidden,6,-0.046469090422682185,0.06702285324271826,0.03952775046144123,4,32
hold-cooperative-cancel,cooperative,alternating-cancellation,held-out,selective-FP32-hidden,7,-0.06291939371749242,0.06702285324271826,0.03952775046144123,4,32
hold-cooperative-cancel,cooperative,alternating-cancellation,held-out,selective-FP32-hidden,8,-0.06702285324271826,0.06702285324271826,0.03952775046144123,4,32
hold-cooperative-cancel,cooperative,alternating-cancellation,held-out,backend-route,0,0.028,0.038529533653083106,0.031321797326672035,13,8
hold-cooperative-cancel,cooperative,alternating-cancellation,held-out,backend-route,1,-0.0029776000000000013,0.038529533653083106,0.031321797326672035,13,8
hold-cooperative-cancel,cooperative,alternating-cancellation,held-out,backend-route,2,-0.010157374080000003,0.038529533653083106,0.031321797326672035,13,8
hold-cooperative-cancel,cooperative,alternating-cancellation,held-out,backend-route,3,-0.028573566532864005,0.038529533653083106,0.031321797326672035,13,8
hold-cooperative-cancel,cooperative,alternating-cancellation,held-out,backend-route,4,-0.027327148430245175,0.038529533653083106,0.031321797326672035,13,8
hold-cooperative-cancel,cooperative,alternating-cancellation,held-out,backend-route,5,-0.040091051167008465,0.038529533653083106,0.031321797326672035,13,8
hold-cooperative-cancel,cooperative,alternating-cancellation,held-out,backend-route,6,-0.03505307712282928,0.038529533653083106,0.031321797326672035,13,8
hold-cooperative-cancel,cooperative,alternating-cancellation,held-out,backend-route,7,-0.04527360413399389,0.038529533653083106,0.031321797326672035,13,8
hold-cooperative-cancel,cooperative,alternating-cancellation,held-out,backend-route,8,-0.038529533653083106,0.038529533653083106,0.031321797326672035,13,8
hold-cooperative-near-zero,cooperative,near-zero,held-out,observe-only,0,-0.012,0.18168620272405656,0.08259271830607715,0,0
hold-cooperative-near-zero,cooperative,near-zero,held-out,observe-only,1,-0.005080000000000001,0.18168620272405656,0.08259271830607715,0,0
hold-cooperative-near-zero,cooperative,near-zero,held-out,observe-only,2,0.004992799999999998,0.18168620272405656,0.08259271830607715,0,0
hold-cooperative-near-zero,cooperative,near-zero,held-out,observe-only,3,0.016890351999999997,0.18168620272405656,0.08259271830607715,0,0
hold-cooperative-near-zero,cooperative,near-zero,held-out,observe-only,4,0.03363307168,0.18168620272405656,0.08259271830607715,0,0
hold-cooperative-near-zero,cooperative,near-zero,held-out,observe-only,5,0.05686831605120001,0.18168620272405656,0.08259271830607715,0,0
hold-cooperative-near-zero,cooperative,near-zero,held-out,observe-only,6,0.08640354350860802,0.18168620272405656,0.08259271830607715,0,0
hold-cooperative-near-zero,cooperative,near-zero,held-out,observe-only,7,0.12678074830153474,0.18168620272405656,0.08259271830607715,0,0
hold-cooperative-near-zero,cooperative,near-zero,held-out,observe-only,8,0.18168620272405656,0.18168620272405656,0.08259271830607715,0,0
hold-cooperative-near-zero,cooperative,near-zero,held-out,FP32-checkpoint,0,-0.012,0.018658103590841888,0.011724999874968937,7.5,16
hold-cooperative-near-zero,cooperative,near-zero,held-out,FP32-checkpoint,1,-0.005349600000000002,0.018658103590841888,0.011724999874968937,7.5,16
hold-cooperative-near-zero,cooperative,near-zero,held-out,FP32-checkpoint,2,0.0005115523199999976,0.018658103590841888,0.011724999874968937,7.5,16
hold-cooperative-near-zero,cooperative,near-zero,held-out,FP32-checkpoint,3,0.004708997667455998,0.018658103590841888,0.011724999874968937,7.5,16
hold-cooperative-near-zero,cooperative,near-zero,held-out,FP32-checkpoint,4,0.008532235262122444,0.018658103590841888,0.011724999874968937,7.5,16
hold-cooperative-near-zero,cooperative,near-zero,held-out,FP32-checkpoint,5,0.012044581055771327,0.018658103590841888,0.011724999874968937,7.5,16
hold-cooperative-near-zero,cooperative,near-zero,held-out,FP32-checkpoint,6,0.014290637941134821,0.018658103590841888,0.011724999874968937,7.5,16
hold-cooperative-near-zero,cooperative,near-zero,held-out,FP32-checkpoint,7,0.01649266200149481,0.018658103590841888,0.011724999874968937,7.5,16
hold-cooperative-near-zero,cooperative,near-zero,held-out,FP32-checkpoint,8,0.018658103590841888,0.018658103590841888,0.011724999874968937,7.5,16
hold-cooperative-near-zero,cooperative,near-zero,held-out,selective-FP32-hidden,0,-0.012,0.03880388770621318,0.021216727745948273,4,32
hold-cooperative-near-zero,cooperative,near-zero,held-out,selective-FP32-hidden,1,-0.005519200000000001,0.03880388770621318,0.021216727745948273,4,32
hold-cooperative-near-zero,cooperative,near-zero,held-out,selective-FP32-hidden,2,0.001371161279999998,0.03880388770621318,0.021216727745948273,4,32
hold-cooperative-near-zero,cooperative,near-zero,held-out,selective-FP32-hidden,3,0.007275643525247997,0.03880388770621318,0.021216727745948273,4,32
hold-cooperative-near-zero,cooperative,near-zero,held-out,selective-FP32-hidden,4,0.013594528119635914,0.03880388770621318,0.021216727745948273,4,32
hold-cooperative-near-zero,cooperative,near-zero,held-out,selective-FP32-hidden,5,0.02032433408343097,0.03880388770621318,0.021216727745948273,4,32
hold-cooperative-near-zero,cooperative,near-zero,held-out,selective-FP32-hidden,6,0.02606960967713015,0.03880388770621318,0.021216727745948273,4,32
hold-cooperative-near-zero,cooperative,near-zero,held-out,selective-FP32-hidden,7,0.03223062495584226,0.03880388770621318,0.021216727745948273,4,32
hold-cooperative-near-zero,cooperative,near-zero,held-out,selective-FP32-hidden,8,0.03880388770621318,0.03880388770621318,0.021216727745948273,4,32
hold-cooperative-near-zero,cooperative,near-zero,held-out,backend-route,0,-0.012,0.02306912897359275,0.016237713792568456,13,8
hold-cooperative-near-zero,cooperative,near-zero,held-out,backend-route,1,-0.0008816000000000023,0.02306912897359275,0.016237713792568456,13,8
hold-cooperative-near-zero,cooperative,near-zero,held-out,backend-route,2,0.007409701119999998,0.02306912897359275,0.016237713792568456,13,8
hold-cooperative-near-zero,cooperative,near-zero,held-out,backend-route,3,0.012099079740416,0.02306912897359275,0.016237713792568456,13,8
hold-cooperative-near-zero,cooperative,near-zero,held-out,backend-route,4,0.01591063876312187,0.02306912897359275,0.016237713792568456,13,8
hold-cooperative-near-zero,cooperative,near-zero,held-out,backend-route,5,0.01911053309014332,0.02306912897359275,0.016237713792568456,13,8
hold-cooperative-near-zero,cooperative,near-zero,held-out,backend-route,6,0.020252219457211867,0.02306912897359275,0.016237713792568456,13,8
hold-cooperative-near-zero,cooperative,near-zero,held-out,backend-route,7,0.02159174651778523,0.02306912897359275,0.016237713792568456,13,8
hold-cooperative-near-zero,cooperative,near-zero,held-out,backend-route,8,0.02306912897359275,0.02306912897359275,0.016237713792568456,13,8
hold-a2x4-random,A2x4,bounded-random,held-out,observe-only,0,0.025,1.0495348416625334,0.47903620260204655,0,0
hold-a2x4-random,A2x4,bounded-random,held-out,observe-only,1,0.049499999999999995,1.0495348416625334,0.47903620260204655,0,0
hold-a2x4-random,A2x4,bounded-random,held-out,observe-only,2,0.09029,1.0495348416625334,0.47903620260204655,0,0
hold-a2x4-random,A2x4,bounded-random,held-out,observe-only,3,0.14321179999999997,1.0495348416625334,0.47903620260204655,0,0
hold-a2x4-random,A2x4,bounded-random,held-out,observe-only,4,0.22436075599999994,1.0495348416625334,0.47903620260204655,0,0
hold-a2x4-random,A2x4,bounded-random,held-out,observe-only,5,0.3345922735199999,1.0495348416625334,0.47903620260204655,0,0
hold-a2x4-random,A2x4,bounded-random,held-out,observe-only,6,0.4971210283983999,1.0495348416625334,0.47903620260204655,0,0
hold-a2x4-random,A2x4,bounded-random,held-out,observe-only,7,0.7229118603257279,1.0495348416625334,0.47903620260204655,0,0
hold-a2x4-random,A2x4,bounded-random,held-out,observe-only,8,1.0495348416625334,1.0495348416625334,0.47903620260204655,0,0
hold-a2x4-random,A2x4,bounded-random,held-out,FP32-checkpoint,0,0.025,0.05167089217551561,0.039653764923638424,7.5,16
hold-a2x4-random,A2x4,bounded-random,held-out,FP32-checkpoint,1,0.02789,0.05167089217551561,0.039653764923638424,7.5,16
hold-a2x4-random,A2x4,bounded-random,held-out,FP32-checkpoint,2,0.032954356,0.05167089217551561,0.039653764923638424,7.5,16
hold-a2x4-random,A2x4,bounded-random,held-out,FP32-checkpoint,3,0.035313015022399995,0.05167089217551561,0.039653764923638424,7.5,16
hold-a2x4-random,A2x4,bounded-random,held-out,FP32-checkpoint,4,0.03990957842572095,0.05167089217551561,0.039653764923638424,7.5,16
hold-a2x4-random,A2x4,bounded-random,held-out,FP32-checkpoint,5,0.04185639284600473,0.05167089217551561,0.039653764923638424,7.5,16
hold-a2x4-random,A2x4,bounded-random,held-out,FP32-checkpoint,6,0.046090368261622564,0.05167089217551561,0.039653764923638424,7.5,16
hold-a2x4-random,A2x4,bounded-random,held-out,FP32-checkpoint,7,0.0477179602175325,0.05167089217551561,0.039653764923638424,7.5,16
hold-a2x4-random,A2x4,bounded-random,held-out,FP32-checkpoint,8,0.05167089217551561,0.05167089217551561,0.039653764923638424,7.5,16
hold-a2x4-random,A2x4,bounded-random,held-out,selective-FP32-hidden,0,0.025,0.13881878103305892,0.08499225729395327,4,32
hold-a2x4-random,A2x4,bounded-random,held-out,selective-FP32-hidden,1,0.034390000000000004,0.13881878103305892,0.08499225729395327,4,32
hold-a2x4-random,A2x4,bounded-random,held-out,selective-FP32-hidden,2,0.047737011999999995,0.13881878103305892,0.08499225729395327,4,32
hold-a2x4-random,A2x4,bounded-random,held-out,selective-FP32-hidden,3,0.05886205220959999,0.13881878103305892,0.08499225729395327,4,32
hold-a2x4-random,A2x4,bounded-random,held-out,selective-FP32-hidden,4,0.07403224446184765,0.13881878103305892,0.08499225729395327,4,32
hold-a2x4-random,A2x4,bounded-random,held-out,selective-FP32-hidden,5,0.0870730824805095,0.13881878103305892,0.08499225729395327,4,32
hold-a2x4-random,A2x4,bounded-random,held-out,selective-FP32-hidden,6,0.10425639507051938,0.13881878103305892,0.08499225729395327,4,32
hold-a2x4-random,A2x4,bounded-random,held-out,selective-FP32-hidden,7,0.11941261994010177,0.13881878103305892,0.08499225729395327,4,32
hold-a2x4-random,A2x4,bounded-random,held-out,selective-FP32-hidden,8,0.13881878103305892,0.13881878103305892,0.08499225729395327,4,32
hold-a2x4-random,A2x4,bounded-random,held-out,backend-route,0,0.025,0.04875030161505728,0.038820027176482405,13,8
hold-a2x4-random,A2x4,bounded-random,held-out,backend-route,1,0.027980000000000005,0.04875030161505728,0.038820027176482405,13,8
hold-a2x4-random,A2x4,bounded-random,held-out,backend-route,2,0.03426043200000001,0.04875030161505728,0.038820027176482405,13,8
hold-a2x4-random,A2x4,bounded-random,held-out,backend-route,3,0.035497902988800005,0.04875030161505728,0.038820027176482405,13,8
hold-a2x4-random,A2x4,bounded-random,held-out,backend-route,4,0.04049165156692992,0.04875030161505728,0.038820027176482405,13,8
hold-a2x4-random,A2x4,bounded-random,held-out,backend-route,5,0.040779035517021056,0.04875030161505728,0.038820027176482405,13,8
hold-a2x4-random,A2x4,bounded-random,held-out,backend-route,6,0.04507123982576834,0.04875030161505728,0.038820027176482405,13,8
hold-a2x4-random,A2x4,bounded-random,held-out,backend-route,7,0.04484060348734734,0.04875030161505728,0.038820027176482405,13,8
hold-a2x4-random,A2x4,bounded-random,held-out,backend-route,8,0.04875030161505728,0.04875030161505728,0.038820027176482405,13,8
hold-a2x4-outlier,A2x4,sparse-outlier,held-out,observe-only,0,-0.04,0.9003351256650436,0.3852111743587154,0,0
hold-a2x4-outlier,A2x4,sparse-outlier,held-out,observe-only,1,-0.0284,0.9003351256650436,0.3852111743587154,0,0
hold-a2x4-outlier,A2x4,sparse-outlier,held-out,observe-only,2,-0.010884000000000003,0.9003351256650436,0.3852111743587154,0,0
hold-a2x4-outlier,A2x4,sparse-outlier,held-out,observe-only,3,0.015565159999999996,0.9003351256650436,0.3852111743587154,0,0
hold-a2x4-outlier,A2x4,sparse-outlier,held-out,observe-only,4,0.1225033916,0.9003351256650436,0.3852111743587154,0,0
hold-a2x4-outlier,A2x4,sparse-outlier,held-out,observe-only,5,0.216980121316,0.9003351256650436,0.3852111743587154,0,0
hold-a2x4-outlier,A2x4,sparse-outlier,held-out,observe-only,6,0.35963998318715995,0.9003351256650436,0.3852111743587154,0,0
hold-a2x4-outlier,A2x4,sparse-outlier,held-out,observe-only,7,0.5750563746126116,0.9003351256650436,0.3852111743587154,0,0
hold-a2x4-outlier,A2x4,sparse-outlier,held-out,observe-only,8,0.9003351256650436,0.9003351256650436,0.3852111743587154,0,0
hold-a2x4-outlier,A2x4,sparse-outlier,held-out,FP32-checkpoint,0,-0.04,0.08435400327899423,0.05262251996574639,7.5,16
hold-a2x4-outlier,A2x4,sparse-outlier,held-out,FP32-checkpoint,1,-0.024008,0.08435400327899423,0.05262251996574639,7.5,16
hold-a2x4-outlier,A2x4,sparse-outlier,held-out,FP32-checkpoint,2,-0.0090362896,0.08435400327899423,0.05262251996574639,7.5,16
hold-a2x4-outlier,A2x4,sparse-outlier,held-out,FP32-checkpoint,3,0.00498022567648,0.08435400327899423,0.05262251996574639,7.5,16
hold-a2x4-outlier,A2x4,sparse-outlier,held-out,FP32-checkpoint,4,0.046242487278320574,0.08435400327899423,0.05262251996574639,7.5,16
hold-a2x4-outlier,A2x4,sparse-outlier,held-out,FP32-checkpoint,5,0.056732216589963726,0.08435400327899423,0.05262251996574639,7.5,16
hold-a2x4-outlier,A2x4,sparse-outlier,held-out,FP32-checkpoint,6,0.06655270117152405,0.08435400327899423,0.05262251996574639,7.5,16
hold-a2x4-outlier,A2x4,sparse-outlier,held-out,FP32-checkpoint,7,0.07574663883678083,0.08435400327899423,0.05262251996574639,7.5,16
hold-a2x4-outlier,A2x4,sparse-outlier,held-out,FP32-checkpoint,8,0.08435400327899423,0.08435400327899423,0.05262251996574639,7.5,16
hold-a2x4-outlier,A2x4,sparse-outlier,held-out,selective-FP32-hidden,0,-0.04,0.18949436558062815,0.09928501509235327,4,32
hold-a2x4-outlier,A2x4,sparse-outlier,held-out,selective-FP32-hidden,1,-0.026136,0.18949436558062815,0.09928501509235327,4,32
hold-a2x4-outlier,A2x4,sparse-outlier,held-out,selective-FP32-hidden,2,-0.010644366399999996,0.18949436558062815,0.09928501509235327,4,32
hold-a2x4-outlier,A2x4,sparse-outlier,held-out,selective-FP32-hidden,3,0.006665984984640008,0.18949436558062815,0.09928501509235327,4,32
hold-a2x4-outlier,A2x4,sparse-outlier,held-out,selective-FP32-hidden,4,0.06486857162183673,0.18949436558062815,0.09928501509235327,4,32
hold-a2x4-outlier,A2x4,sparse-outlier,held-out,selective-FP32-hidden,5,0.09104414193024037,0.18949436558062815,0.09928501509235327,4,32
hold-a2x4-outlier,A2x4,sparse-outlier,held-out,selective-FP32-hidden,6,0.12029272419285059,0.18949436558062815,0.09928501509235327,4,32
hold-a2x4-outlier,A2x4,sparse-outlier,held-out,selective-FP32-hidden,7,0.15297509001309123,0.18949436558062815,0.09928501509235327,4,32
hold-a2x4-outlier,A2x4,sparse-outlier,held-out,selective-FP32-hidden,8,0.18949436558062815,0.18949436558062815,0.09928501509235327,4,32
hold-a2x4-outlier,A2x4,sparse-outlier,held-out,backend-route,0,-0.04,0.09820466155127391,0.07382559570594248,13,8
hold-a2x4-outlier,A2x4,sparse-outlier,held-out,backend-route,1,-0.009647999999999997,0.09820466155127391,0.07382559570594248,13,8
hold-a2x4-outlier,A2x4,sparse-outlier,held-out,backend-route,2,0.014184390400000003,0.09820466155127391,0.07382559570594248,13,8
hold-a2x4-outlier,A2x4,sparse-outlier,held-out,backend-route,3,0.032897583342080004,0.09820466155127391,0.07382559570594248,13,8
hold-a2x4-outlier,A2x4,sparse-outlier,held-out,backend-route,4,0.09315118244020122,0.09820466155127391,0.07382559570594248,13,8
hold-a2x4-outlier,A2x4,sparse-outlier,held-out,backend-route,5,0.094902308452046,0.09820466155127391,0.07382559570594248,13,8
hold-a2x4-outlier,A2x4,sparse-outlier,held-out,backend-route,6,0.09627729259654652,0.09820466155127391,0.07382559570594248,13,8
hold-a2x4-outlier,A2x4,sparse-outlier,held-out,backend-route,7,0.09735693014680834,0.09820466155127391,0.07382559570594248,13,8
hold-a2x4-outlier,A2x4,sparse-outlier,held-out,backend-route,8,0.09820466155127391,0.09820466155127391,0.07382559570594248,13,8
