seed,inputSNRDb,messageHz,deltaOutputSNRDb,whitenessRatio,finalA,clampCount,label
12345,-18,10,-0.1532160128242097,0.3429941401210074,0.9895804147409861,430,WhitenessOnly
12345,-18,25,-0.2141314543098396,0.34283133728709975,0.9781781644787724,428,WhitenessOnly
12345,-18,50,-0.17808695877961256,0.4036183210205873,0.99,474,WhitenessOnly
12345,-12,10,-0.003778810709711422,0.353807779714191,0.99,398,WhitenessOnly
12345,-12,25,-0.03286889408541427,0.3529123148509344,0.9870536688383321,409,WhitenessOnly
12345,-12,50,0.1523717624333809,0.5665793804286365,0.99,521,AdaptiveWin
12345,-6,10,-0.0027155005471488636,0.46158623149828093,0.99,292,WhitenessOnly
12345,-6,25,-0.037292060384647385,0.47425398132904395,0.9892634971161824,311,WhitenessOnly
12345,-6,50,0.04566072704280533,0.8624646780394255,0.99,630,AdaptiveWin
23456,-18,10,0.035834857978315426,0.33888715851070583,0.99,424,AdaptiveWin
23456,-18,25,0.0073751055006106014,0.33789977710469843,0.99,442,WhitenessOnly
23456,-18,50,0.012395033814762257,0.3941060995239596,0.9779111558789488,463,AdaptiveWin
23456,-12,10,-0.013734896379945738,0.43818502308601714,0.99,332,WhitenessOnly
23456,-12,25,-0.01904763245931207,0.451783909865198,0.99,379,WhitenessOnly
23456,-12,50,-0.06477817621476945,0.7711001892590874,0.99,582,WhitenessOnly
23456,-6,10,-0.021016263636091992,0.8455201480220196,0.8937193102307632,0,WhitenessOnly
23456,-6,25,-0.12833995672736886,0.9096328253580881,0.99,105,WhitenessOnly
23456,-6,50,-0.19996769560510685,0.9690371877753446,0.99,684,WhitenessOnly
34567,-18,10,0.0726914077002796,0.42730949435646315,0.99,461,AdaptiveWin
34567,-18,25,0.10271693970367224,0.42250865512231645,0.99,474,AdaptiveWin
34567,-18,50,0.01924872102356545,0.4429218815886974,0.99,475,AdaptiveWin
34567,-12,10,0.06416189445303644,0.4497002773096348,0.99,421,AdaptiveWin
34567,-12,25,0.08061392435352488,0.4507062696958146,0.99,441,AdaptiveWin
34567,-12,50,0.02203889809625359,0.5776617065107458,0.99,485,AdaptiveWin
34567,-6,10,0.00644248238351075,0.5518064006826423,0.99,301,WhitenessOnly
34567,-6,25,0.06281738369339962,0.6189899309532186,0.99,369,AdaptiveWin
34567,-6,50,-0.07063365118180531,0.8681454494404681,0.9892025011120412,638,WhitenessOnly
